strategy_name,min_player_edge,max_player_edge,average_player_edge
Dealer,-6.0145,-5.4815,-5.73815
Basic Strategy Section 1,-3.82,-2.9705,-3.31395
Basic Strategy Section 2,-2.312403862191664,-1.4405673391165879,-1.8423327633680926
Basic Strategy Section 3,-1.858673353088671,-0.8682566464499065,-1.2549147403568732
Basic Strategy Section 4,-1.2752362177962069,-0.21579129898655158,-0.7293108192234253
Hi-Lo Card Count,-0.11721698212651845,2.509814978575792,1.4379329639495881
